character,word,count,characterName
1,ooo,49,marge simpson
1,homer,1358,marge simpson
1,excuse,50,marge simpson
1,lisas,42,marge simpson
1,class,25,marge simpson
1,bart,585,marge simpson
1,sweet,67,marge simpson
1,dear,87,marge simpson
1,friends,71,marge simpson
1,simpson,99,marge simpson
1,family,136,marge simpson
1,year,39,marge simpson
1,cat,27,marge simpson
1,run,31,marge simpson
1,bought,27,marge simpson
1,guess,149,marge simpson
1,life,106,marge simpson
1,grampa,73,marge simpson
1,maggie,157,marge simpson
1,lisa,410,marge simpson
1,love,216,marge simpson
1,happy,89,marge simpson
1,children,82,marge simpson
1,years,82,marge simpson
1,telling,24,marge simpson
1,christmas,64,marge simpson
1,kids,307,marge simpson
1,money,101,marge simpson
1,turn,64,marge simpson
1,mother,82,marge simpson
1,makes,39,marge simpson
1,god,126,marge simpson
1,homers,32,marge simpson
1,worry,59,marge simpson
1,feeling,22,marge simpson
1,told,64,marge simpson
1,time,254,marge simpson
1,hours,21,marge simpson
1,late,37,marge simpson
1,sisters,25,marge simpson
1,call,77,marge simpson
1,police,22,marge simpson
1,good,314,marge simpson
1,hmmm,46,marge simpson
1,thing,152,marge simpson
1,boy,90,marge simpson
1,hard,54,marge simpson
1,big,83,marge simpson
1,day,158,marge simpson
1,eat,65,marge simpson
1,tonight,61,marge simpson
1,feel,107,marge simpson
1,bad,98,marge simpson
1,word,23,marge simpson
1,guy,50,marge simpson
1,stop,223,marge simpson
1,forget,34,marge simpson
1,happened,64,marge simpson
1,find,89,marge simpson
1,job,53,marge simpson
1,back,216,marge simpson
1,thinking,42,marge simpson
1,married,73,marge simpson
1,promised,22,marge simpson
1,wanted,51,marge simpson
1,fathers,37,marge simpson
1,proud,47,marge simpson
1,people,152,marge simpson
1,burns,64,marge simpson
1,girl,50,marge simpson
1,leave,35,marge simpson
1,true,36,marge simpson
1,sit,24,marge simpson
1,drink,23,marge simpson
1,made,96,marge simpson
1,hey,64,marge simpson
1,homie,537,marge simpson
1,ohhh,24,marge simpson
1,car,69,marge simpson
1,long,68,marge simpson
1,supposed,23,marge simpson
1,listen,53,marge simpson
1,man,141,marge simpson
1,enjoy,34,marge simpson
1,talking,60,marge simpson
1,house,175,marge simpson
1,coming,79,marge simpson
1,kind,73,marge simpson
1,dollars,56,marge simpson
1,driving,21,marge simpson
1,doctor,41,marge simpson
1,sister,28,marge simpson
1,thought,120,marge simpson
1,making,52,marge simpson
1,real,57,marge simpson
1,wonderful,57,marge simpson
1,surprise,22,marge simpson
1,special,61,marge simpson
1,hope,74,marge simpson
1,friend,33,marge simpson
1,side,30,marge simpson
1,huh,46,marge simpson
1,world,51,marge simpson
1,tomorrow,49,marge simpson
1,talk,94,marge simpson
1,boys,42,marge simpson
1,head,38,marge simpson
1,school,117,marge simpson
1,honey,190,marge simpson
1,nice,122,marge simpson
1,hot,21,marge simpson
1,wake,29,marge simpson
1,barts,72,marge simpson
1,young,47,marge simpson
1,woman,48,marge simpson
1,night,119,marge simpson
1,worried,35,marge simpson
1,important,35,marge simpson
1,today,67,marge simpson
1,matter,23,marge simpson
1,inside,40,marge simpson
1,invited,21,marge simpson
1,wrong,83,marge simpson
1,ride,28,marge simpson
1,game,40,marge simpson
1,idea,73,marge simpson
1,fun,96,marge simpson
1,afford,30,marge simpson
1,father,167,marge simpson
1,shes,80,marge simpson
1,taking,53,marge simpson
1,fine,80,marge simpson
1,fire,27,marge simpson
1,goodnight,22,marge simpson
1,husband,105,marge simpson
1,understand,28,marge simpson
1,favorite,21,marge simpson
1,church,42,marge simpson
1,morning,40,marge simpson
1,goodness,24,marge simpson
1,promise,24,marge simpson
1,pay,34,marge simpson
1,music,21,marge simpson
1,till,25,marge simpson
1,yeah,80,marge simpson
1,anymore,42,marge simpson
1,learn,21,marge simpson
1,mmm,21,marge simpson
1,eating,31,marge simpson
1,lot,89,marge simpson
1,breakfast,21,marge simpson
1,town,58,marge simpson
1,patty,25,marge simpson
1,place,96,marge simpson
1,dinner,89,marge simpson
1,end,43,marge simpson
1,throw,24,marge simpson
1,mind,43,marge simpson
1,marge,79,marge simpson
1,trouble,32,marge simpson
1,hit,30,marge simpson
1,rest,30,marge simpson
1,funny,26,marge simpson
1,start,50,marge simpson
1,care,68,marge simpson
1,things,117,marge simpson
1,dad,29,marge simpson
1,goodbye,23,marge simpson
1,birthday,22,marge simpson
1,party,53,marge simpson
1,put,120,marge simpson
1,door,22,marge simpson
1,food,38,marge simpson
1,room,63,marge simpson
1,sleep,43,marge simpson
1,left,54,marge simpson
1,women,32,marge simpson
1,son,62,marge simpson
1,meet,25,marge simpson
1,pick,32,marge simpson
1,times,33,marge simpson
1,sounds,45,marge simpson
1,spend,36,marge simpson
1,living,25,marge simpson
1,miss,49,marge simpson
1,remember,101,marge simpson
1,dress,30,marge simpson
1,parents,23,marge simpson
1,baby,101,marge simpson
1,home,182,marge simpson
1,brought,31,marge simpson
1,work,97,marge simpson
1,selma,30,marge simpson
1,show,92,marge simpson
1,trip,23,marge simpson
1,problem,30,marge simpson
1,hair,50,marge simpson
1,wait,115,marge simpson
1,hear,56,marge simpson
1,phone,38,marge simpson
1,bed,49,marge simpson
1,stay,71,marge simpson
1,watch,54,marge simpson
1,gotta,46,marge simpson
1,wearing,21,marge simpson
1,called,37,marge simpson
1,check,24,marge simpson
1,perfect,50,marge simpson
1,oooh,30,marge simpson
1,bring,31,marge simpson
1,men,33,marge simpson
1,girls,21,marge simpson
1,beautiful,48,marge simpson
1,kitchen,22,marge simpson
1,live,43,marge simpson
1,save,44,marge simpson
1,horrible,22,marge simpson
1,lady,27,marge simpson
1,make,204,marge simpson
1,hurt,34,marge simpson
1,finally,40,marge simpson
1,chance,25,marge simpson
1,great,93,marge simpson
1,fair,26,marge simpson
1,gonna,151,marge simpson
1,give,124,marge simpson
1,poor,42,marge simpson
1,means,34,marge simpson
1,street,26,marge simpson
1,terrible,31,marge simpson
1,heart,35,marge simpson
1,minute,35,marge simpson
1,flanders,25,marge simpson
1,win,25,marge simpson
1,open,27,marge simpson
1,knew,39,marge simpson
1,mom,43,marge simpson
1,ready,39,marge simpson
1,read,35,marge simpson
1,drive,26,marge simpson
1,wow,43,marge simpson
1,pretty,45,marge simpson
1,child,21,marge simpson
1,watching,35,marge simpson
1,sound,25,marge simpson
1,started,22,marge simpson
1,week,42,marge simpson
1,krusty,23,marge simpson
1,heard,34,marge simpson
1,springfield,67,marge simpson
1,pie,30,marge simpson
1,cute,27,marge simpson
1,change,29,marge simpson
1,hate,29,marge simpson
1,person,27,marge simpson
1,point,32,marge simpson
1,days,30,marge simpson
1,lord,36,marge simpson
1,eyes,25,marge simpson
1,alive,24,marge simpson
1,story,48,marge simpson
1,met,22,marge simpson
1,high,22,marge simpson
1,found,41,marge simpson
1,free,28,marge simpson
1,paper,25,marge simpson
1,artie,32,marge simpson
1,hmm,55,marge simpson
1,part,46,marge simpson
1,business,27,marge simpson
1,wear,24,marge simpson
1,stupid,22,marge simpson
1,date,22,marge simpson
1,ooh,110,marge simpson
1,movie,41,marge simpson
1,afraid,36,marge simpson
1,vacation,21,marge simpson
1,hold,25,marge simpson
1,hundred,48,marge simpson
1,dog,52,marge simpson
1,set,28,marge simpson
1,suit,22,marge simpson
1,apu,29,marge simpson
1,wedding,42,marge simpson
1,marriage,41,marge simpson
1,glad,63,marge simpson
1,tired,22,marge simpson
1,buy,46,marge simpson
1,book,41,marge simpson
1,play,62,marge simpson
1,hand,34,marge simpson
1,gave,27,marge simpson
1,crazy,64,marge simpson
1,minutes,26,marge simpson
1,cool,21,marge simpson
1,ned,83,marge simpson
1,power,22,marge simpson
1,safe,29,marge simpson
1,milhouse,26,marge simpson
1,face,26,marge simpson
1,sweetie,75,marge simpson
1,hell,34,marge simpson
1,cut,38,marge simpson
1,beer,31,marge simpson
1,moe,58,marge simpson
1,saved,22,marge simpson
1,water,22,marge simpson
1,blue,22,marge simpson
1,ten,34,marge simpson
1,store,33,marge simpson
1,happen,30,marge simpson
1,mad,23,marge simpson
1,turned,22,marge simpson
1,lost,37,marge simpson
1,dead,30,marge simpson
1,maggies,24,marge simpson
1,dream,22,marge simpson
1,guys,27,marge simpson
1,chief,21,marge simpson
1,wanna,22,marge simpson
1,turning,21,marge simpson
1,drinking,25,marge simpson
1,clean,30,marge simpson
1,cake,28,marge simpson
1,picture,21,marge simpson
1,full,33,marge simpson
1,stuff,29,marge simpson
1,ago,29,marge simpson
1,fat,23,marge simpson
1,wife,21,marge simpson
2,time,567,homer simpson
2,late,55,homer simpson
2,hey,964,homer simpson
2,hows,35,homer simpson
2,heh,188,homer simpson
2,excuse,60,homer simpson
2,lisa,478,homer simpson
2,school,103,homer simpson
2,calling,21,homer simpson
2,sister,21,homer simpson
2,yeah,745,homer simpson
2,patty,23,homer simpson
2,selma,35,homer simpson
2,trip,37,homer simpson
2,marge,1823,homer simpson
2,stupid,305,homer simpson
2,big,281,homer simpson
2,kid,102,homer simpson
2,love,474,homer simpson
2,christmas,67,homer simpson
2,year,79,homer simpson
2,pay,105,homer simpson
2,yello,46,homer simpson
2,kids,481,homer simpson
2,turn,100,homer simpson
2,flanders,308,homer simpson
2,money,255,homer simpson
2,god,377,homer simpson
2,true,89,homer simpson
2,ruined,31,homer simpson
2,family,244,homer simpson
2,good,704,homer simpson
2,deserve,34,homer simpson
2,guy,271,homer simpson
2,fat,112,homer simpson
2,card,46,homer simpson
2,set,39,homer simpson
2,horrible,31,homer simpson
2,honest,21,homer simpson
2,oooh,85,homer simpson
2,paper,33,homer simpson
2,bet,81,homer simpson
2,bart,525,homer simpson
2,million,52,homer simpson
2,things,235,homer simpson
2,maggie,169,homer simpson
2,dogs,47,homer simpson
2,read,82,homer simpson
2,gimme,86,homer simpson
2,moe,277,homer simpson
2,crazy,88,homer simpson
2,wow,198,homer simpson
2,nuts,48,homer simpson
2,huh,225,homer simpson
2,paid,42,homer simpson
2,boy,603,homer simpson
2,knew,82,homer simpson
2,word,83,homer simpson
2,straight,38,homer simpson
2,uh-oh,95,homer simpson
2,son,428,homer simpson
2,junk,22,homer simpson
2,important,74,homer simpson
2,home,259,homer simpson
2,loving,26,homer simpson
2,father,122,homer simpson
2,afford,43,homer simpson
2,lunch,26,homer simpson
2,donut,26,homer simpson
2,mrs,21,homer simpson
2,town,99,homer simpson
2,listening,21,homer simpson
2,cover,28,homer simpson
2,secret,43,homer simpson
2,missing,27,homer simpson
2,job,173,homer simpson
2,back,559,homer simpson
2,damn,54,homer simpson
2,day,345,homer simpson
2,gonna,738,homer simpson
2,check,107,homer simpson
2,cash,25,homer simpson
2,baby,203,homer simpson
2,bucks,61,homer simpson
2,wait,443,homer simpson
2,minute,192,homer simpson
2,hear,148,homer simpson
2,sign,59,homer simpson
2,barney,78,homer simpson
2,dog,175,homer simpson
2,bag,33,homer simpson
2,guess,173,homer simpson
2,hope,92,homer simpson
2,whoa,101,homer simpson
2,times,68,homer simpson
2,kiss,53,homer simpson
2,ticket,29,homer simpson
2,luck,28,homer simpson
2,run,102,homer simpson
2,leave,145,homer simpson
2,till,66,homer simpson
2,forget,98,homer simpson
2,find,195,homer simpson
2,loser,29,homer simpson
2,simpson,194,homer simpson
2,make,499,homer simpson
2,matter,63,homer simpson
2,number,62,homer simpson
2,nose,28,homer simpson
2,today,101,homer simpson
2,lousy,78,homer simpson
2,shut,136,homer simpson
2,outta,65,homer simpson
2,show,212,homer simpson
2,dumb,22,homer simpson
2,kind,129,homer simpson
2,system,24,homer simpson
2,wife,172,homer simpson
2,thinks,49,homer simpson
2,hundred,128,homer simpson
2,twelve,24,homer simpson
2,mothers,28,homer simpson
2,ahead,52,homer simpson
2,enjoy,52,homer simpson
2,genius,22,homer simpson
2,happen,61,homer simpson
2,bout,51,homer simpson
2,wear,33,homer simpson
2,krusty,45,homer simpson
2,makes,104,homer simpson
2,smart,39,homer simpson
2,case,33,homer simpson
2,barts,57,homer simpson
2,brain,45,homer simpson
2,worry,203,homer simpson
2,mine,57,homer simpson
2,put,209,homer simpson
2,top,43,homer simpson
2,wrong,132,homer simpson
2,attention,33,homer simpson
2,simpsons,43,homer simpson
2,chocolate,38,homer simpson
2,beer,212,homer simpson
2,supposed,75,homer simpson
2,butt,60,homer simpson
2,mother,141,homer simpson
2,bought,39,homer simpson
2,tickets,36,homer simpson
2,movie,107,homer simpson
2,kinda,34,homer simpson
2,ball,52,homer simpson
2,real,146,homer simpson
2,wanted,117,homer simpson
2,turned,48,homer simpson
2,light,29,homer simpson
2,stay,118,homer simpson
2,forever,64,homer simpson
2,hug,29,homer simpson
2,feel,155,homer simpson
2,easy,79,homer simpson
2,donuts,24,homer simpson
2,boys,63,homer simpson
2,gotta,251,homer simpson
2,comin,52,homer simpson
2,sir,109,homer simpson
2,life,311,homer simpson
2,young,56,homer simpson
2,watch,124,homer simpson
2,springfield,97,homer simpson
2,low,30,homer simpson
2,years,136,homer simpson
2,fine,182,homer simpson
2,thinking,61,homer simpson
2,work,295,homer simpson
2,open,80,homer simpson
2,buy,103,homer simpson
2,count,21,homer simpson
2,close,45,homer simpson
2,dear,62,homer simpson
2,grave,25,homer simpson
2,words,63,homer simpson
2,gave,75,homer simpson
2,stand,71,homer simpson
2,give,319,homer simpson
2,death,50,homer simpson
2,homer,298,homer simpson
2,idiot,34,homer simpson
2,live,124,homer simpson
2,learn,52,homer simpson
2,stop,238,homer simpson
2,kill,144,homer simpson
2,killing,23,homer simpson
2,thing,409,homer simpson
2,reason,51,homer simpson
2,care,107,homer simpson
2,face,95,homer simpson
2,fight,60,homer simpson
2,rest,48,homer simpson
2,ladies,27,homer simpson
2,gentlemen,23,homer simpson
2,girls,39,homer simpson
2,people,302,homer simpson
2,proud,35,homer simpson
2,great,360,homer simpson
2,small,27,homer simpson
2,talking,125,homer simpson
2,thought,217,homer simpson
2,heard,75,homer simpson
2,american,38,homer simpson
2,lives,46,homer simpson
2,hands,57,homer simpson
2,men,48,homer simpson
2,worked,29,homer simpson
2,side,46,homer simpson
2,bowling,30,homer simpson
2,pass,34,homer simpson
2,safety,27,homer simpson
2,truth,48,homer simpson
2,found,74,homer simpson
2,problem,118,homer simpson
2,charge,22,homer simpson
2,place,199,homer simpson
2,blow,25,homer simpson
2,nah,35,homer simpson
2,gee,28,homer simpson
2,guys,289,homer simpson
2,shirt,32,homer simpson
2,plant,47,homer simpson
2,sit,57,homer simpson
2,tight,24,homer simpson
2,burns,223,homer simpson
2,hmm,93,homer simpson
2,sound,47,homer simpson
2,free,140,homer simpson
2,lot,176,homer simpson
2,minutes,58,homer simpson
2,goodbye,51,homer simpson
2,friends,112,homer simpson
2,respect,30,homer simpson
2,telling,41,homer simpson
2,leaving,28,homer simpson
2,drop,24,homer simpson
2,mmmm,49,homer simpson
2,boss,43,homer simpson
2,loves,47,homer simpson
2,delicious,34,homer simpson
2,heaven,35,homer simpson
2,earth,32,homer simpson
2,man,556,homer simpson
2,brought,49,homer simpson
2,listen,135,homer simpson
2,remember,169,homer simpson
2,nice,122,homer simpson
2,normal,29,homer simpson
2,knock,31,homer simpson
2,rules,30,homer simpson
2,perfect,96,homer simpson
2,start,93,homer simpson
2,quick,36,homer simpson
2,glad,44,homer simpson
2,act,40,homer simpson
2,daddy,97,homer simpson
2,break,52,homer simpson
2,tonight,70,homer simpson
2,food,103,homer simpson
2,eat,185,homer simpson
2,room,106,homer simpson
2,table,35,homer simpson
2,lord,56,homer simpson
2,heads,25,homer simpson
2,worst,39,homer simpson
2,follow,28,homer simpson
2,fighting,21,homer simpson
2,door,59,homer simpson
2,worse,52,homer simpson
2,poor,45,homer simpson
2,bed,91,homer simpson
2,mom,82,homer simpson
2,stuck,36,homer simpson
2,bless,22,homer simpson
2,soul,28,homer simpson
2,talk,140,homer simpson
2,met,28,homer simpson
2,problems,41,homer simpson
2,bottle,27,homer simpson
2,made,228,homer simpson
2,world,183,homer simpson
2,honey,301,homer simpson
2,fifty,52,homer simpson
2,dollars,146,homer simpson
2,dig,28,homer simpson
2,deep,22,homer simpson
2,college,37,homer simpson
2,save,85,homer simpson
2,ready,65,homer simpson
2,shell,27,homer simpson
2,pain,33,homer simpson
2,paying,25,homer simpson
2,idea,101,homer simpson
2,point,74,homer simpson
2,doctor,36,homer simpson
2,double,25,homer simpson
2,piece,40,homer simpson
2,smell,41,homer simpson
2,bad,190,homer simpson
2,works,42,homer simpson
2,tough,22,homer simpson
2,won,52,homer simpson
2,died,26,homer simpson
2,teach,51,homer simpson
2,fun,136,homer simpson
2,feels,30,homer simpson
2,hmmm,69,homer simpson
2,laugh,37,homer simpson
2,stuff,129,homer simpson
2,order,31,homer simpson
2,hold,66,homer simpson
2,throw,46,homer simpson
2,punch,23,homer simpson
2,eyes,85,homer simpson
2,chance,63,homer simpson
2,making,83,homer simpson
2,tree,38,homer simpson
2,fall,24,homer simpson
2,wha,30,homer simpson
2,hell,171,homer simpson
2,keys,25,homer simpson
2,ohhh,35,homer simpson
2,play,99,homer simpson
2,sad,28,homer simpson
2,feelings,28,homer simpson
2,stomach,24,homer simpson
2,daddys,46,homer simpson
2,ride,39,homer simpson
2,floor,31,homer simpson
2,trouble,39,homer simpson
2,playing,28,homer simpson
2,house,190,homer simpson
2,happy,124,homer simpson
2,dad,210,homer simpson
2,terrible,40,homer simpson
2,realized,21,homer simpson
2,beat,39,homer simpson
2,age,30,homer simpson
2,pretty,129,homer simpson
2,pants,58,homer simpson
2,hard,99,homer simpson
2,night,182,homer simpson
2,missed,27,homer simpson
2,feet,32,homer simpson
2,quiet,41,homer simpson
2,moment,32,homer simpson
2,game,101,homer simpson
2,ned,89,homer simpson
2,mail,28,homer simpson
2,week,64,homer simpson
2,land,39,homer simpson
2,price,22,homer simpson
2,swear,27,homer simpson
2,honor,27,homer simpson
2,move,73,homer simpson
2,panic,24,homer simpson
2,uh-huh,44,homer simpson
2,relax,50,homer simpson
2,class,44,homer simpson
2,afraid,44,homer simpson
2,animals,22,homer simpson
2,sense,25,homer simpson
2,lucky,41,homer simpson
2,red,48,homer simpson
2,hat,44,homer simpson
2,beautiful,102,homer simpson
2,the--,23,homer simpson
2,alive,42,homer simpson
2,ooh,239,homer simpson
2,hit,64,homer simpson
2,catch,47,homer simpson
2,dinner,76,homer simpson
2,ahh,23,homer simpson
2,step,31,homer simpson
2,quit,64,homer simpson
2,saved,52,homer simpson
2,girl,129,homer simpson
2,sauce,29,homer simpson
2,half,51,homer simpson
2,head,94,homer simpson
2,die,108,homer simpson
2,understand,79,homer simpson
2,church,43,homer simpson
2,cute,35,homer simpson
2,told,114,homer simpson
2,space,34,homer simpson
2,share,27,homer simpson
2,spend,54,homer simpson
2,black,33,homer simpson
2,mind,88,homer simpson
2,send,39,homer simpson
2,birthday,38,homer simpson
2,forgot,55,homer simpson
2,gift,28,homer simpson
2,surprise,40,homer simpson
2,morning,67,homer simpson
2,sounds,45,homer simpson
2,fair,39,homer simpson
2,present,35,homer simpson
2,fact,21,homer simpson
2,hand,46,homer simpson
2,bring,69,homer simpson
2,store,53,homer simpson
2,bowl,34,homer simpson
2,living,49,homer simpson
2,hot,89,homer simpson
2,pizza,36,homer simpson
2,left,102,homer simpson
2,clean,41,homer simpson
2,speak,32,homer simpson
2,middle,23,homer simpson
2,seat,27,homer simpson
2,car,198,homer simpson
2,woman,93,homer simpson
2,ten,84,homer simpson
2,cake,38,homer simpson
2,sucker,25,homer simpson
2,ass,51,homer simpson
2,pounds,22,homer simpson
2,buddy,52,homer simpson
2,pal,37,homer simpson
2,doo,50,homer simpson
2,dee,26,homer simpson
2,size,23,homer simpson
2,full,66,homer simpson
2,sleep,97,homer simpson
2,picture,46,homer simpson
2,promise,52,homer simpson
2,write,43,homer simpson
2,mad,81,homer simpson
2,husband,28,homer simpson
2,book,76,homer simpson
2,milk,27,homer simpson
2,drinking,48,homer simpson
2,forgive,31,homer simpson
2,hungry,39,homer simpson
2,clothes,23,homer simpson
2,tired,39,homer simpson
2,lesson,34,homer simpson
2,shot,45,homer simpson
2,apologize,21,homer simpson
2,meet,48,homer simpson
2,music,51,homer simpson
2,women,44,homer simpson
2,sweet,120,homer simpson
2,neck,22,homer simpson
2,dollar,36,homer simpson
2,pick,69,homer simpson
2,hurt,66,homer simpson
2,cheese,39,homer simpson
2,sandwich,28,homer simpson
2,white,27,homer simpson
2,miss,88,homer simpson
2,country,61,homer simpson
2,stars,25,homer simpson
2,lisas,43,homer simpson
2,america,67,homer simpson
2,blood,40,homer simpson
2,clear,31,homer simpson
2,shes,162,homer simpson
2,kidding,38,homer simpson
2,call,191,homer simpson
2,aww,27,homer simpson
2,called,92,homer simpson
2,pull,42,homer simpson
2,lenny,113,homer simpson
2,admit,27,homer simpson
2,build,30,homer simpson
2,nuclear,39,homer simpson
2,power,86,homer simpson
2,whatd,23,homer simpson
2,kick,24,homer simpson
2,prison,27,homer simpson
2,doin,43,homer simpson
2,apu,84,homer simpson
2,mmm,86,homer simpson
2,hair,73,homer simpson
2,hero,39,homer simpson
2,clown,26,homer simpson
2,happened,89,homer simpson
2,business,74,homer simpson
2,news,46,homer simpson
2,box,58,homer simpson
2,team,65,homer simpson
2,walk,70,homer simpson
2,goin,46,homer simpson
2,pig,27,homer simpson
2,sweetie,101,homer simpson
2,bye,22,homer simpson
2,ago,48,homer simpson
2,blue,45,homer simpson
2,shake,21,homer simpson
2,lady,82,homer simpson
2,long,152,homer simpson
2,hate,107,homer simpson
2,funny,96,homer simpson
2,hoo,276,homer simpson
2,miracle,24,homer simpson
2,thousand,75,homer simpson
2,screw,30,homer simpson
2,fish,44,homer simpson
2,insurance,23,homer simpson
2,moes,82,homer simpson
2,sugar,42,homer simpson
2,thatll,37,homer simpson
2,smithers,25,homer simpson
2,greatest,70,homer simpson
2,cut,74,homer simpson
2,plenty,23,homer simpson
2,key,23,homer simpson
2,sky,21,homer simpson
2,dirty,30,homer simpson
2,days,62,homer simpson
2,inside,44,homer simpson
2,hour,39,homer simpson
2,art,29,homer simpson
2,lots,32,homer simpson
2,hurry,31,homer simpson
2,promised,29,homer simpson
2,ugly,27,homer simpson
2,deal,89,homer simpson
2,high,44,homer simpson
2,sold,30,homer simpson
2,built,24,homer simpson
2,cold,55,homer simpson
2,holy,25,homer simpson
2,pork,29,homer simpson
2,lookin,22,homer simpson
2,married,78,homer simpson
2,window,27,homer simpson
2,thy,24,homer simpson
2,lost,107,homer simpson
2,lie,44,homer simpson
2,heart,59,homer simpson
2,taking,68,homer simpson
2,felt,31,homer simpson
2,safe,31,homer simpson
2,vote,22,homer simpson
2,fire,72,homer simpson
2,coming,93,homer simpson
2,feed,25,homer simpson
2,question,33,homer simpson
2,tomorrow,71,homer simpson
2,reading,22,homer simpson
2,dreams,23,homer simpson
2,bit,31,homer simpson
2,means,61,homer simpson
2,bar,72,homer simpson
2,story,64,homer simpson
2,started,37,homer simpson
2,children,78,homer simpson
2,magic,31,homer simpson
2,arm,22,homer simpson
2,sitting,22,homer simpson
2,drink,75,homer simpson
2,test,27,homer simpson
2,front,51,homer simpson
2,part,70,homer simpson
2,nope,27,homer simpson
2,laughing,27,homer simpson
2,woo,304,homer simpson
2,mood,22,homer simpson
2,giving,34,homer simpson
2,elephant,22,homer simpson
2,sick,46,homer simpson
2,city,45,homer simpson
2,biggest,23,homer simpson
2,simple,21,homer simpson
2,service,21,homer simpson
2,duff,27,homer simpson
2,fell,26,homer simpson
2,asleep,21,homer simpson
2,dance,45,homer simpson
2,park,24,homer simpson
2,taste,25,homer simpson
2,brother,34,homer simpson
2,dude,26,homer simpson
2,jerk,41,homer simpson
2,calm,25,homer simpson
2,practice,21,homer simpson
2,win,106,homer simpson
2,lose,69,homer simpson
2,wanna,158,homer simpson
2,horse,38,homer simpson
2,steak,27,homer simpson
2,wearing,37,homer simpson
2,building,23,homer simpson
2,favorite,40,homer simpson
2,turkey,26,homer simpson
2,dream,70,homer simpson
2,peace,21,homer simpson
2,fix,35,homer simpson
2,fault,43,homer simpson
2,parents,31,homer simpson
2,monster,42,homer simpson
2,truck,25,homer simpson
2,oclock,25,homer simpson
2,longer,23,homer simpson
2,finally,114,homer simpson
2,end,80,homer simpson
2,dead,93,homer simpson
2,king,31,homer simpson
2,broken,22,homer simpson
2,twenty,36,homer simpson
2,marry,27,homer simpson
2,interesting,29,homer simpson
2,watching,65,homer simpson
2,owe,26,homer simpson
2,change,64,homer simpson
2,ooo,56,homer simpson
2,everythings,28,homer simpson
2,drunk,58,homer simpson
2,cool,120,homer simpson
2,worth,32,homer simpson
2,answer,40,homer simpson
2,goodnight,21,homer simpson
2,anymore,67,homer simpson
2,angry,35,homer simpson
2,faster,21,homer simpson
2,poison,22,homer simpson
2,hours,56,homer simpson
2,toilet,28,homer simpson
2,stick,31,homer simpson
2,explain,36,homer simpson
2,fast,42,homer simpson
2,daughter,38,homer simpson
2,loved,30,homer simpson
2,friend,95,homer simpson
2,milhouse,23,homer simpson
2,moving,23,homer simpson
2,machine,48,homer simpson
2,phone,40,homer simpson
2,tape,24,homer simpson
2,early,31,homer simpson
2,names,26,homer simpson
2,touch,34,homer simpson
2,mouth,38,homer simpson
2,past,29,homer simpson
2,date,31,homer simpson
2,weeks,26,homer simpson
2,broke,24,homer simpson
2,steal,25,homer simpson
2,wonderful,49,homer simpson
2,month,26,homer simpson
2,breakfast,42,homer simpson
2,foot,26,homer simpson
2,hide,28,homer simpson
2,couple,41,homer simpson
2,human,37,homer simpson
2,likes,33,homer simpson
2,single,23,homer simpson
2,special,67,homer simpson
2,takes,39,homer simpson
2,thirty,21,homer simpson
2,hee,54,homer simpson
2,plane,26,homer simpson
2,couch,27,homer simpson
2,rich,61,homer simpson
2,super,45,homer simpson
2,sell,43,homer simpson
2,parking,29,homer simpson
2,fired,21,homer simpson
2,gun,39,homer simpson
2,waiting,26,homer simpson
2,sports,24,homer simpson
2,precious,36,homer simpson
2,hang,34,homer simpson
2,yep,42,homer simpson
2,changed,29,homer simpson
2,cookie,22,homer simpson
2,plan,48,homer simpson
2,happening,22,homer simpson
2,kitchen,23,homer simpson
2,worlds,26,homer simpson
2,amazing,25,homer simpson
2,grampa,38,homer simpson
2,absolutely,33,homer simpson
2,push,22,homer simpson
2,chair,42,homer simpson
2,gods,24,homer simpson
2,weight,29,homer simpson
2,treat,23,homer simpson
2,feeling,41,homer simpson
2,cry,21,homer simpson
2,president,55,homer simpson
2,ring,26,homer simpson
2,sleeping,27,homer simpson
2,eating,52,homer simpson
2,ohh,29,homer simpson
2,party,66,homer simpson
2,realize,24,homer simpson
2,monkey,37,homer simpson
2,roll,31,homer simpson
2,ice,71,homer simpson
2,glass,21,homer simpson
2,marriage,68,homer simpson
2,weekend,21,homer simpson
2,gas,36,homer simpson
2,legs,29,homer simpson
2,famous,22,homer simpson
2,losers,30,homer simpson
2,shows,32,homer simpson
2,bill,39,homer simpson
2,woo-hoo,56,homer simpson
2,gold,21,homer simpson
2,mistake,25,homer simpson
2,blah,43,homer simpson
2,eye,38,homer simpson
2,nothin,23,homer simpson
2,scary,21,homer simpson
2,rock,66,homer simpson
2,fly,25,homer simpson
2,chief,31,homer simpson
2,football,38,homer simpson
2,crap,52,homer simpson
2,killed,35,homer simpson
2,body,33,homer simpson
2,movies,36,homer simpson
2,grow,23,homer simpson
2,person,34,homer simpson
2,club,25,homer simpson
2,chicken,31,homer simpson
2,candy,40,homer simpson
2,caught,25,homer simpson
2,fancy,27,homer simpson
2,police,26,homer simpson
2,water,58,homer simpson
2,fit,21,homer simpson
2,handle,35,homer simpson
2,slow,22,homer simpson
2,button,22,homer simpson
2,potato,21,homer simpson
2,finish,30,homer simpson
2,dump,23,homer simpson
2,shoot,28,homer simpson
2,weird,44,homer simpson
2,air,40,homer simpson
2,wake,33,homer simpson
2,wrote,23,homer simpson
2,stopped,22,homer simpson
2,working,54,homer simpson
2,law,21,homer simpson
2,child,28,homer simpson
2,marges,25,homer simpson
2,vacation,26,homer simpson
2,needed,26,homer simpson
2,hole,25,homer simpson
2,stealing,21,homer simpson
2,private,23,homer simpson
2,future,52,homer simpson
2,line,42,homer simpson
2,wedding,38,homer simpson
2,cream,64,homer simpson
2,starting,24,homer simpson
2,angel,30,homer simpson
2,born,30,homer simpson
2,trust,31,homer simpson
2,doh,33,homer simpson
2,wind,22,homer simpson
2,bible,22,homer simpson
2,rid,21,homer simpson
2,song,54,homer simpson
2,gettin,34,homer simpson
2,babies,22,homer simpson
2,dammit,34,homer simpson
2,gay,37,homer simpson
2,ray,28,homer simpson
2,closer,21,homer simpson
2,running,22,homer simpson
2,meat,26,homer simpson
2,cat,39,homer simpson
2,fake,30,homer simpson
2,questions,33,homer simpson
2,sing,24,homer simpson
2,star,21,homer simpson
2,garbage,34,homer simpson
2,radio,23,homer simpson
2,lying,25,homer simpson
2,boring,31,homer simpson
2,mate,21,homer simpson
2,naked,23,homer simpson
2,figure,22,homer simpson
2,animal,21,homer simpson
2,join,23,homer simpson
2,drive,67,homer simpson
2,burn,28,homer simpson
2,usa,22,homer simpson
2,learned,54,homer simpson
2,coffee,26,homer simpson
2,judge,28,homer simpson
2,mister,22,homer simpson
2,blame,25,homer simpson
2,lazy,24,homer simpson
2,bacon,24,homer simpson
2,sex,45,homer simpson
2,plow,25,homer simpson
2,tony,30,homer simpson
2,giant,25,homer simpson
2,robot,27,homer simpson
2,revenge,21,homer simpson
2,ate,25,homer simpson
2,carl,49,homer simpson
2,train,22,homer simpson
2,bathroom,24,homer simpson
2,boat,29,homer simpson
2,pie,40,homer simpson
2,group,22,homer simpson
2,fortune,22,homer simpson
2,geez,26,homer simpson
2,suck,25,homer simpson
2,war,34,homer simpson
2,bear,34,homer simpson
2,gravy,21,homer simpson
2,agree,22,homer simpson
2,suckers,28,homer simpson
2,glasses,24,homer simpson
2,prove,27,homer simpson
2,band,21,homer simpson
2,bus,24,homer simpson
2,driving,37,homer simpson
2,mayor,23,homer simpson
2,taught,21,homer simpson
2,secrets,22,homer simpson
2,computer,33,homer simpson
2,wall,22,homer simpson
2,everyones,21,homer simpson
2,jesus,33,homer simpson
2,awesome,38,homer simpson
3,grade,23,seymour skinner
3,class,28,seymour skinner
3,school,136,seymour skinner
3,good,72,seymour skinner
3,boy,25,seymour skinner
3,simpson,115,seymour skinner
3,children,72,seymour skinner
3,time,50,seymour skinner
3,young,24,seymour skinner
3,bart,134,seymour skinner
3,people,35,seymour skinner
3,mother,94,seymour skinner
3,afraid,22,seymour skinner
3,today,24,seymour skinner
3,elementary,21,seymour skinner
3,student,26,seymour skinner
3,make,40,seymour skinner
3,give,33,seymour skinner
3,hope,21,seymour skinner
3,day,46,seymour skinner
3,wait,27,seymour skinner
3,lord,24,seymour skinner
3,man,54,seymour skinner
3,springfield,38,seymour skinner
3,hmm,22,seymour skinner
3,attention,23,seymour skinner
3,skinner,31,seymour skinner
3,love,21,seymour skinner
3,back,54,seymour skinner
3,principal,33,seymour skinner
3,made,24,seymour skinner
3,put,23,seymour skinner
3,lisa,104,seymour skinner
3,god,21,seymour skinner
3,students,40,seymour skinner
3,edna,53,seymour skinner
3,work,22,seymour skinner
3,life,24,seymour skinner
3,superintendent,26,seymour skinner
3,chalmers,23,seymour skinner
3,sir,28,seymour skinner
3,willie,41,seymour skinner
3,gonna,25,seymour skinner
3,test,21,seymour skinner
8,fat,41,bart simpson
8,guy,108,bart simpson
8,yeah,381,bart simpson
8,cool,203,bart simpson
8,life,90,bart simpson
8,good,224,bart simpson
8,dad,903,bart simpson
8,mother,21,bart simpson
8,sir,62,bart simpson
8,mom,463,bart simpson
8,thought,104,bart simpson
8,carumba,74,bart simpson
8,quit,35,bart simpson
8,real,66,bart simpson
8,finally,42,bart simpson
8,home,98,bart simpson
8,huh,90,bart simpson
8,homer,186,bart simpson
8,hey,692,bart simpson
8,milhouse,250,bart simpson
8,sit,36,bart simpson
8,bart,139,bart simpson
8,simpson,104,bart simpson
8,hell,131,bart simpson
8,kill,88,bart simpson
8,love,127,bart simpson
8,christmas,29,bart simpson
8,happen,22,bart simpson
8,kids,71,bart simpson
8,happened,38,bart simpson
8,gonna,344,bart simpson
8,bad,97,bart simpson
8,santas,26,bart simpson
8,helper,25,bart simpson
8,dog,106,bart simpson
8,man,369,bart simpson
8,run,29,bart simpson
8,baby,62,bart simpson
8,worry,56,bart simpson
8,guess,90,bart simpson
8,pay,36,bart simpson
8,easy,40,bart simpson
8,game,49,bart simpson
8,turn,52,bart simpson
8,fifty,23,bart simpson
8,outta,39,bart simpson
8,big,113,bart simpson
8,uh-oh,58,bart simpson
8,time,186,bart simpson
8,place,70,bart simpson
8,eat,73,bart simpson
8,hundred,40,bart simpson
8,long,59,bart simpson
8,number,32,bart simpson
8,car,47,bart simpson
8,minutes,26,bart simpson
8,times,34,bart simpson
8,stop,78,bart simpson
8,bet,34,bart simpson
8,wow,171,bart simpson
8,mind,29,bart simpson
8,sign,25,bart simpson
8,read,50,bart simpson
8,maam,30,bart simpson
8,problem,34,bart simpson
8,tonight,33,bart simpson
8,save,30,bart simpson
8,miss,46,bart simpson
8,till,21,bart simpson
8,lady,34,bart simpson
8,guys,152,bart simpson
8,great,160,bart simpson
8,feel,58,bart simpson
8,whoa,131,bart simpson
8,pretty,52,bart simpson
8,top,24,bart simpson
8,back,237,bart simpson
8,class,24,bart simpson
8,thinking,24,bart simpson
8,kid,84,bart simpson
8,stuff,76,bart simpson
8,makes,33,bart simpson
8,hope,37,bart simpson
8,test,30,bart simpson
8,today,39,bart simpson
8,gotta,155,bart simpson
8,mad,30,bart simpson
8,things,73,bart simpson
8,bring,30,bart simpson
8,close,21,bart simpson
8,mrs,54,bart simpson
8,krabappel,35,bart simpson
8,door,24,bart simpson
8,otto,26,bart simpson
8,bus,29,bart simpson
8,ride,26,bart simpson
8,boy,146,bart simpson
8,pick,31,bart simpson
8,song,28,bart simpson
8,made,93,bart simpson
8,woo,24,bart simpson
8,give,123,bart simpson
8,thing,133,bart simpson
8,card,37,bart simpson
8,dads,45,bart simpson
8,watch,73,bart simpson
8,hear,47,bart simpson
8,blow,21,bart simpson
8,job,46,bart simpson
8,shut,45,bart simpson
8,win,37,bart simpson
8,kiss,26,bart simpson
8,room,50,bart simpson
8,people,121,bart simpson
8,show,90,bart simpson
8,work,71,bart simpson
8,nice,55,bart simpson
8,hair,29,bart simpson
8,butt,41,bart simpson
8,school,159,bart simpson
8,sister,61,bart simpson
8,teacher,25,bart simpson
8,hold,27,bart simpson
8,lis,213,bart simpson
8,beautiful,21,bart simpson
8,idea,39,bart simpson
8,nelson,60,bart simpson
8,put,80,bart simpson
8,make,178,bart simpson
8,deal,41,bart simpson
8,listen,55,bart simpson
8,morning,25,bart simpson
8,lesson,21,bart simpson
8,left,41,bart simpson
8,fight,35,bart simpson
8,boys,35,bart simpson
8,grampa,82,bart simpson
8,nuts,23,bart simpson
8,years,58,bart simpson
8,promise,24,bart simpson
8,matter,22,bart simpson
8,hit,44,bart simpson
8,happy,46,bart simpson
8,birthday,42,bart simpson
8,side,25,bart simpson
8,teach,23,bart simpson
8,learned,40,bart simpson
8,sounds,25,bart simpson
8,girls,35,bart simpson
8,fun,73,bart simpson
8,world,62,bart simpson
8,learn,21,bart simpson
8,books,21,bart simpson
8,night,54,bart simpson
8,check,89,bart simpson
8,talking,32,bart simpson
8,food,38,bart simpson
8,red,21,bart simpson
8,house,75,bart simpson
8,lisa,241,bart simpson
8,hands,34,bart simpson
8,wrong,56,bart simpson
8,stupid,92,bart simpson
8,maggie,30,bart simpson
8,shes,59,bart simpson
8,answer,23,bart simpson
8,boring,22,bart simpson
8,flanders,42,bart simpson
8,aye,22,bart simpson
8,hate,36,bart simpson
8,hang,22,bart simpson
8,water,28,bart simpson
8,fault,24,bart simpson
8,lives,21,bart simpson
8,heard,39,bart simpson
8,story,46,bart simpson
8,head,53,bart simpson
8,town,39,bart simpson
8,started,23,bart simpson
8,bucks,34,bart simpson
8,hurt,29,bart simpson
8,nah,22,bart simpson
8,face,43,bart simpson
8,end,28,bart simpson
8,lookin,22,bart simpson
8,movie,37,bart simpson
8,wanted,45,bart simpson
8,springfield,40,bart simpson
8,eyes,21,bart simpson
8,remember,46,bart simpson
8,killed,28,bart simpson
8,talk,53,bart simpson
8,cut,32,bart simpson
8,mine,31,bart simpson
8,told,32,bart simpson
8,rock,24,bart simpson
8,making,22,bart simpson
8,fine,55,bart simpson
8,gave,30,bart simpson
8,damn,28,bart simpson
8,break,28,bart simpson
8,works,21,bart simpson
8,picture,22,bart simpson
8,minute,47,bart simpson
8,living,21,bart simpson
8,soul,25,bart simpson
8,heart,32,bart simpson
8,die,50,bart simpson
8,stick,24,bart simpson
8,move,27,bart simpson
8,day,110,bart simpson
8,sleep,25,bart simpson
8,candy,21,bart simpson
8,forget,34,bart simpson
8,father,38,bart simpson
8,sideshow,34,bart simpson
8,bob,48,bart simpson
8,krusty,166,bart simpson
8,clown,29,bart simpson
8,friend,49,bart simpson
8,true,27,bart simpson
8,store,22,bart simpson
8,funny,31,bart simpson
8,wait,132,bart simpson
8,attention,24,bart simpson
8,comin,21,bart simpson
8,bout,24,bart simpson
8,body,22,bart simpson
8,anymore,41,bart simpson
8,find,69,bart simpson
8,crazy,47,bart simpson
8,ready,31,bart simpson
8,book,67,bart simpson
8,ten,38,bart simpson
8,heh,26,bart simpson
8,dinner,24,bart simpson
8,business,22,bart simpson
8,care,38,bart simpson
8,dream,28,bart simpson
8,church,21,bart simpson
8,leave,42,bart simpson
8,coming,31,bart simpson
8,hmmm,29,bart simpson
8,god,98,bart simpson
8,throw,27,bart simpson
8,lot,65,bart simpson
8,ball,21,bart simpson
8,martin,25,bart simpson
8,front,21,bart simpson
8,tomorrow,39,bart simpson
8,days,42,bart simpson
8,understand,22,bart simpson
8,part,21,bart simpson
8,call,62,bart simpson
8,trouble,28,bart simpson
8,dear,21,bart simpson
8,supposed,31,bart simpson
8,friends,62,bart simpson
8,forever,23,bart simpson
8,brother,33,bart simpson
8,play,86,bart simpson
8,free,38,bart simpson
8,found,49,bart simpson
8,taking,29,bart simpson
8,stay,54,bart simpson
8,dude,28,bart simpson
8,family,49,bart simpson
8,kind,39,bart simpson
8,money,92,bart simpson
8,hard,39,bart simpson
8,dogs,24,bart simpson
8,hand,26,bart simpson
8,hours,22,bart simpson
8,sucks,29,bart simpson
8,dead,49,bart simpson
8,playing,23,bart simpson
8,seymour,21,bart simpson
8,lost,37,bart simpson
8,hot,35,bart simpson
8,principal,29,bart simpson
8,skinner,38,bart simpson
8,inside,22,bart simpson
8,willie,27,bart simpson
8,parents,29,bart simpson
8,homework,26,bart simpson
8,set,27,bart simpson
8,fire,24,bart simpson
8,perfect,26,bart simpson
8,walk,25,bart simpson
8,knew,33,bart simpson
8,radioactive,24,bart simpson
8,wanna,95,bart simpson
8,buy,46,bart simpson
8,week,25,bart simpson
8,line,27,bart simpson
8,party,49,bart simpson
8,bed,22,bart simpson
8,dollars,33,bart simpson
8,beer,21,bart simpson
8,beat,30,bart simpson
8,sweet,23,bart simpson
8,watching,23,bart simpson
8,awesome,43,bart simpson
8,start,29,bart simpson
8,clean,21,bart simpson
8,quick,21,bart simpson
8,year,28,bart simpson
8,bike,27,bart simpson
8,change,27,bart simpson
8,grow,23,bart simpson
8,full,32,bart simpson
8,phone,28,bart simpson
8,plan,21,bart simpson
8,box,21,bart simpson
8,lisas,35,bart simpson
8,spend,25,bart simpson
8,burns,27,bart simpson
8,smell,21,bart simpson
8,prank,21,bart simpson
8,girl,52,bart simpson
8,live,33,bart simpson
8,hmm,33,bart simpson
8,called,25,bart simpson
8,news,22,bart simpson
8,doin,24,bart simpson
8,means,26,bart simpson
8,itchy,35,bart simpson
8,scratchy,23,bart simpson
8,likes,26,bart simpson
8,suck,23,bart simpson
8,crap,26,bart simpson
8,ralph,40,bart simpson
8,lame,26,bart simpson
9,pony,25,lisa simpson
9,good,145,lisa simpson
9,year,34,lisa simpson
9,nice,51,lisa simpson
9,dad,1093,lisa simpson
9,ooh,42,lisa simpson
9,mom,633,lisa simpson
9,christmas,43,lisa simpson
9,money,59,lisa simpson
9,glad,25,lisa simpson
9,yay,28,lisa simpson
9,father,31,lisa simpson
9,hope,44,lisa simpson
9,mind,30,lisa simpson
9,dog,29,lisa simpson
9,love,123,lisa simpson
9,call,44,lisa simpson
9,poor,45,lisa simpson
9,yeah,138,lisa simpson
9,word,28,lisa simpson
9,bart,732,lisa simpson
9,supposed,34,lisa simpson
9,big,68,lisa simpson
9,test,40,lisa simpson
9,tomorrow,21,lisa simpson
9,care,40,lisa simpson
9,stupid,50,lisa simpson
9,hey,224,lisa simpson
9,barts,59,lisa simpson
9,job,26,lisa simpson
9,eat,51,lisa simpson
9,found,41,lisa simpson
9,wow,110,lisa simpson
9,happy,62,lisa simpson
9,sad,31,lisa simpson
9,truth,26,lisa simpson
9,doctor,22,lisa simpson
9,guess,82,lisa simpson
9,mine,24,lisa simpson
9,birthday,28,lisa simpson
9,teacher,21,lisa simpson
9,smart,28,lisa simpson
9,hard,42,lisa simpson
9,brother,50,lisa simpson
9,made,102,lisa simpson
9,forget,27,lisa simpson
9,thinking,29,lisa simpson
9,open,26,lisa simpson
9,give,95,lisa simpson
9,back,170,lisa simpson
9,friend,48,lisa simpson
9,nelson,44,lisa simpson
9,wanted,43,lisa simpson
9,place,57,lisa simpson
9,horrible,23,lisa simpson
9,grampa,69,lisa simpson
9,hell,30,lisa simpson
9,simpson,84,lisa simpson
9,remember,50,lisa simpson
9,put,58,lisa simpson
9,home,72,lisa simpson
9,bring,30,lisa simpson
9,family,81,lisa simpson
9,car,32,lisa simpson
9,day,87,lisa simpson
9,time,162,lisa simpson
9,kind,58,lisa simpson
9,understand,46,lisa simpson
9,point,32,lisa simpson
9,make,151,lisa simpson
9,sleep,30,lisa simpson
9,night,40,lisa simpson
9,world,77,lisa simpson
9,maggie,90,lisa simpson
9,girl,50,lisa simpson
9,playing,22,lisa simpson
9,work,52,lisa simpson
9,find,90,lisa simpson
9,sound,24,lisa simpson
9,beautiful,34,lisa simpson
9,called,39,lisa simpson
9,mother,22,lisa simpson
9,gave,30,lisa simpson
9,kid,22,lisa simpson
9,grade,21,lisa simpson
9,feel,96,lisa simpson
9,stay,23,lisa simpson
9,popular,21,lisa simpson
9,sir,25,lisa simpson
9,house,73,lisa simpson
9,win,29,lisa simpson
9,boys,22,lisa simpson
9,cat,21,lisa simpson
9,watch,31,lisa simpson
9,krusty,60,lisa simpson
9,gonna,220,lisa simpson
9,shes,67,lisa simpson
9,taking,29,lisa simpson
9,bed,24,lisa simpson
9,start,28,lisa simpson
9,tonight,29,lisa simpson
9,read,57,lisa simpson
9,kids,74,lisa simpson
9,stand,25,lisa simpson
9,dads,45,lisa simpson
9,coming,39,lisa simpson
9,thought,86,lisa simpson
9,people,162,lisa simpson
9,children,24,lisa simpson
9,sideshow,25,lisa simpson
9,bob,44,lisa simpson
9,brought,24,lisa simpson
9,kill,34,lisa simpson
9,face,27,lisa simpson
9,lot,57,lisa simpson
9,man,87,lisa simpson
9,heart,31,lisa simpson
9,wait,102,lisa simpson
9,minute,23,lisa simpson
9,left,38,lisa simpson
9,school,134,lisa simpson
9,bus,26,lisa simpson
9,boy,55,lisa simpson
9,hundred,27,lisa simpson
9,wanna,32,lisa simpson
9,heard,33,lisa simpson
9,god,85,lisa simpson
9,life,85,lisa simpson
9,end,32,lisa simpson
9,late,21,lisa simpson
9,story,38,lisa simpson
9,fine,58,lisa simpson
9,book,60,lisa simpson
9,quit,44,lisa simpson
9,lisa,84,lisa simpson
9,live,32,lisa simpson
9,lives,23,lisa simpson
9,guys,69,lisa simpson
9,stop,134,lisa simpson
9,worry,32,lisa simpson
9,learn,22,lisa simpson
9,burns,71,lisa simpson
9,long,52,lisa simpson
9,turn,23,lisa simpson
9,leave,26,lisa simpson
9,springfield,85,lisa simpson
9,wrong,77,lisa simpson
9,part,22,lisa simpson
9,fair,39,lisa simpson
9,ralph,49,lisa simpson
9,shut,21,lisa simpson
9,talking,28,lisa simpson
9,answer,22,lisa simpson
9,hear,40,lisa simpson
9,game,38,lisa simpson
9,cut,31,lisa simpson
9,great,103,lisa simpson
9,american,23,lisa simpson
9,forever,22,lisa simpson
9,things,56,lisa simpson
9,soul,29,lisa simpson
9,dear,26,lisa simpson
9,miss,58,lisa simpson
9,hate,25,lisa simpson
9,bad,65,lisa simpson
9,hurt,37,lisa simpson
9,talk,42,lisa simpson
9,making,39,lisa simpson
9,years,58,lisa simpson
9,lost,41,lisa simpson
9,excuse,39,lisa simpson
9,learned,24,lisa simpson
9,pretty,39,lisa simpson
9,free,26,lisa simpson
9,proud,25,lisa simpson
9,eating,27,lisa simpson
9,worse,27,lisa simpson
9,ride,27,lisa simpson
9,class,29,lisa simpson
9,music,41,lisa simpson
9,thing,120,lisa simpson
9,fun,52,lisa simpson
9,huh,56,lisa simpson
9,animals,31,lisa simpson
9,books,26,lisa simpson
9,buy,21,lisa simpson
9,college,29,lisa simpson
9,water,21,lisa simpson
9,perfect,29,lisa simpson
9,makes,24,lisa simpson
9,wonderful,30,lisa simpson
9,week,32,lisa simpson
9,run,26,lisa simpson
9,today,42,lisa simpson
9,ten,24,lisa simpson
9,set,23,lisa simpson
9,true,37,lisa simpson
9,means,34,lisa simpson
9,play,56,lisa simpson
9,listen,49,lisa simpson
9,dead,29,lisa simpson
9,bet,23,lisa simpson
9,town,42,lisa simpson
9,show,59,lisa simpson
9,real,57,lisa simpson
9,idea,35,lisa simpson
9,hmm,25,lisa simpson
9,told,35,lisa simpson
9,flanders,27,lisa simpson
9,change,31,lisa simpson
9,funny,25,lisa simpson
9,paper,25,lisa simpson
9,sweet,31,lisa simpson
9,cool,41,lisa simpson
9,stuff,24,lisa simpson
9,dream,25,lisa simpson
9,morning,21,lisa simpson
9,song,26,lisa simpson
9,easy,22,lisa simpson
9,room,48,lisa simpson
9,moe,27,lisa simpson
9,baby,46,lisa simpson
9,dollars,25,lisa simpson
9,hero,27,lisa simpson
9,malibu,30,lisa simpson
9,won,23,lisa simpson
9,special,21,lisa simpson
9,homer,26,lisa simpson
9,knew,31,lisa simpson
9,write,32,lisa simpson
9,jazz,25,lisa simpson
9,skinner,44,lisa simpson
9,gotta,50,lisa simpson
9,head,30,lisa simpson
9,milhouse,82,lisa simpson
9,happened,48,lisa simpson
9,save,29,lisa simpson
9,president,24,lisa simpson
9,girls,29,lisa simpson
9,movie,29,lisa simpson
9,side,25,lisa simpson
9,power,25,lisa simpson
9,check,22,lisa simpson
9,sick,23,lisa simpson
9,principal,33,lisa simpson
9,stacy,21,lisa simpson
9,science,28,lisa simpson
9,food,33,lisa simpson
9,mad,24,lisa simpson
9,started,23,lisa simpson
9,friends,51,lisa simpson
9,person,30,lisa simpson
9,moms,23,lisa simpson
9,hair,21,lisa simpson
9,willie,26,lisa simpson
9,party,21,lisa simpson
9,secret,22,lisa simpson
9,anymore,23,lisa simpson
9,future,21,lisa simpson
9,pick,21,lisa simpson
9,full,22,lisa simpson
11,son,25,ned flanders
11,hey,69,ned flanders
11,simpson,49,ned flanders
11,neighbor,33,ned flanders
11,huh,21,ned flanders
11,big,24,ned flanders
11,flanders,32,ned flanders
11,put,31,ned flanders
11,kids,33,ned flanders
11,things,21,ned flanders
11,reverend,29,ned flanders
11,homer,242,ned flanders
11,man,36,ned flanders
11,house,26,ned flanders
11,love,22,ned flanders
11,give,32,ned flanders
11,make,35,ned flanders
11,good,52,ned flanders
11,sir,38,ned flanders
11,yeah,24,ned flanders
11,back,50,ned flanders
11,thing,21,ned flanders
11,maude,39,ned flanders
11,god,35,ned flanders
11,bible,25,ned flanders
11,gonna,54,ned flanders
11,marge,43,ned flanders
11,lord,51,ned flanders
11,call,25,ned flanders
11,thought,21,ned flanders
11,nice,22,ned flanders
11,guess,37,ned flanders
11,boys,53,ned flanders
11,ned,25,ned flanders
11,time,38,ned flanders
11,church,22,ned flanders
11,rod,23,ned flanders
11,people,28,ned flanders
17,homer,260,moe szyslak
17,beer,35,moe szyslak
17,day,30,moe szyslak
17,moes,32,moe szyslak
17,check,30,moe szyslak
17,hey,296,moe szyslak
17,wait,55,moe szyslak
17,minute,24,moe szyslak
17,listen,28,moe szyslak
17,gonna,106,moe szyslak
17,back,91,moe szyslak
17,yeah,241,moe szyslak
17,moe,84,moe szyslak
17,guys,59,moe szyslak
17,drink,27,moe szyslak
17,put,30,moe szyslak
17,night,25,moe szyslak
17,call,36,moe szyslak
17,outta,21,moe szyslak
17,marge,40,moe szyslak
17,bar,64,moe szyslak
17,barney,23,moe szyslak
17,people,36,moe szyslak
17,happy,23,moe szyslak
17,wanna,40,moe szyslak
17,made,26,moe szyslak
17,face,28,moe szyslak
17,bad,21,moe szyslak
17,time,49,moe szyslak
17,guy,41,moe szyslak
17,house,23,moe szyslak
17,money,32,moe szyslak
17,man,44,moe szyslak
17,boy,33,moe szyslak
17,nice,29,moe szyslak
17,life,26,moe szyslak
17,big,30,moe szyslak
17,love,44,moe szyslak
17,make,54,moe szyslak
17,whoa,59,moe szyslak
17,things,25,moe szyslak
17,great,37,moe szyslak
17,kid,26,moe szyslak
17,good,86,moe szyslak
17,huh,63,moe szyslak
17,give,33,moe szyslak
17,show,21,moe szyslak
17,thought,21,moe szyslak
17,nothin,35,moe szyslak
17,place,28,moe szyslak
17,god,41,moe szyslak
17,gotta,70,moe szyslak
17,nah,25,moe szyslak
17,geez,24,moe szyslak
17,doin,32,moe szyslak
17,thing,49,moe szyslak
17,ooh,23,moe szyslak
17,world,21,moe szyslak
17,guess,21,moe szyslak
17,goin,25,moe szyslak
17,lot,25,moe szyslak
25,yeah,42,milhouse van houten
25,bart,234,milhouse van houten
25,gonna,44,milhouse van houten
25,make,22,milhouse van houten
25,wow,22,milhouse van houten
25,hey,89,milhouse van houten
25,mom,36,milhouse van houten
25,milhouse,25,milhouse van houten
25,dad,43,milhouse van houten
25,time,31,milhouse van houten
25,boy,27,milhouse van houten
25,cool,33,milhouse van houten
25,back,33,milhouse van houten
25,love,26,milhouse van houten
25,lisa,66,milhouse van houten